20001,0,1,Lord Dan
20002,0,1,Bookstore Clerk Seo
20003,0,1,Linen Shop Hwang
20004,0,1,Castle Physician
20005,0,1,Weapon Store Hyun
20006,0,1,Hunter Trainer Han
20007,0,1,Banker Sunny
20008,0,1,Blacksmith Jang
20009,0,1,Ornament Store Wang
20010,0,1,Pet Store
20011,0,1,Stable Keeper Ma
20012,0,1,House Manager Yeo
20013,0,1,Tavern Clerk Sohae
20014,0,1,Chief Guard Lee
20015,0,1,Gate Guard Woo
20016,0,1,Gate Guard Sam
20017,0,1,Gate Guard Shim
20018,0,1,Gate Guard Jong
20019,0,1,Gate Guard Jule
20020,0,1,Warrior Trainer General Hwang
20021,0,1,Physician Trainer Bong
20022,0,1,Assassin Trainer Bing
20023,0,1,Farmer
20024,0,1,Tavern Clerk Chung
20025,0,1,Tavern Clerk Jun
20026,0,1,Tavern Clerk Liu
20027,0,1,Escort Warrior
20028,0,1,Young Seo
20029,0,1,Lord Sagun
20030,0,1,Holy Physician
20031,0,1,Mad Physician
20032,0,1,Mistress Peony
20033,0,1,Tavern Clerk Ming
20034,0,1,Blacksmith Jinmu
20035,0,1,Linen Shop Baek
20036,0,1,Bookstore Clerk Woon
20037,0,1,Banker Sun Hwa
20038,0,1,Gate Guard So Hwa
20039,0,1,Gate Guard Jinsu
20040,0,1,General Yong
20041,0,1,Fearsome Tiger Regiment Chul
20042,0,1,Sa-Chun Boatman
20043,0,1,Ho-Nam Boatman
20044,0,1,Tavern Clerk Soso
20046,0,1,Mudo Island Guide
20047,0,1,Tavern Clerk Jo
20048,0,1,Spirit Spire Boatman
20049,0,1,Central Isle Boatman
20050,0,1,Mudo Island Guide
20051,0,1,Yubec
20052,0,1,Yulan
20053,0,1,Scout's Corpse
20054,0,1,Scout's Corpse
20055,0,1,Mysterious Tombstone
20056,0,1,Mysterious Tombstone
20057,0,1,Hero Battle Manager
20058,0,1,HighRander Hero Battle Manager
20059,0,1,Hero Battle Manager(4Dan And Over)
20060,0,1,Zhuang Guide
20061,0,1,Shao Guide
20062,0,1,Zhuang Guide
20063,0,1,Shao Guide
20064,0,1,Dragon Statue
20065,0,1,Apricot Statue
20066,0,1,Ghost Statue
20067,0,1,Antidote Statue
20068,0,1,Tombstone of Conveyance
20069,0,1,Divine Tree
20070,0,1,Divine Tree
20071,0,1,Divine Tree
20072,0,1,Divine Tree
20073,0,1,Divine Tree
20074,0,1,Divine Tree
20075,0,1,Divine Tree
20076,0,1,Divine Tree
20077,0,1,Divine Tree
20078,0,1,Conciliation Tree
20079,0,1,Inspection Tree
20080,0,1,Golden Tree
20081,0,1,Yellow Tree
20082,0,1,Store Clerk Jiny
20083,0,1,Vale Guard(Bamboo Mountain)
20084,0,1,Vale Guard(Stone Valley)
20085,0,1,Linen Shop Nam
20086,0,1,Blacksmith Kang
20087,0,1,Tavern Clerk Lynn
20088,0,1,Guard Chojin
20089,0,1,Banker Sull
20090,0,1,Guard Mah
20091,0,1,OK Cashback Manager
20092,0,1,Mgame Cyber Cafe Manager
20093,0,1,Guard
20094,0,1,Tavern
20095,0,1,Blacksmith
20096,0,1,Bank
20097,0,1,Guard
20098,0,1,Guard
20099,0,1,Event Manager Mae
20100,0,1,House Battle Advisor
20101,0,1,House Battle Advisor
20102,0,1,House Battle Advisor
20103,0,1,House Battle Advisor
20104,0,1,House Battle Manager
20105,0,1,Tavern Clerk Sul Hwa
20106,0,1,Zhuang Boatman
20107,0,1,Shao Boatman
20108,0,1,Impartial Boatman
20109,0,1,Central Isle Boatman
20110,0,1,Holy Incensory
20111,0,1,First Incensory
20112,0,1,Second Incensory
20113,0,1,Third Incensory
20114,0,1,Banner
20115,0,1,Old Summoner
20116,0,1,Master Bak
20117,0,1,Master Monk
20118,0,1,Ice Palace Lord
20119,0,1,Disciple San
20120,0,1,Herbalist Noh
20121,0,1,W. Hall Entrance Guide
20122,0,1,W. Hall Exit Guide
20123,0,1,Guest
20124,0,1,Guest
20125,0,1,Guest
20126,0,1,Guest
20127,0,1,Guest
20128,0,1,Guest
20129,0,1,Guest
20130,0,1,Guest
20131,0,1,Guest
20132,0,1,Guest
20133,0,1,Tavern Clerk Hae
20134,0,1,G. Basin Entrance Guide
20135,0,1,G. Basin Exit Guide
20136,0,1,Remains of Moon
20137,0,1,Remains of Sobo
20138,0,1,Remains of Maga
20139,0,1,Remains of Won
20140,0,1,Remains of Hwa
20141,0,1,Remains of Kijin
20142,0,1,Remains of Nogon
20143,0,1,Remains of Son
20144,0,1,Remains of Han
20145,0,1,Humble Incensory
20146,0,1,Tavern Clerk Yujin
20147,0,1,Ice Palace Mistress
20148,0,1,Zhuang Guard
20149,0,1,Shao Guard
20150,0,1,Southern Plains Hero Battle Manager
20151,0,1,Tavern Clerk Magi
20152,0,1,Bank Manager Soah
20153,0,1,Zhuang Shogun Goshugan
20154,0,1,Bounty Manager
20155,0,1,Warden Hwang
20156,0,1,Labor Manager ManBo
20157,0,1,Bank Manager
20158,0,1,Blacksmith
20189,0,1,House Bank Associate
20190,0,1,Trade Agent
20191,0,1,Snow-covered Rock
20192,0,1,Snow-covered Rock
20193,0,1,Snow-covered Rock
20194,0,1,Snow-covered Rock
20195,0,1,Snow-covered Rock
20196,0,1,Snow-covered Rock
20197,0,1,Snow-covered Rock
20198,0,1,Snow-covered Rock
20199,0,1,Snow-covered Rock
20200,0,1,Blacksmith Myung
20201,0,1,Banker Lim
20202,0,1,Bookstore Clerk Gong
20203,0,1,Streamflow Physician
20204,0,1,Weapon Store Jin
20205,0,1,Ornament Store Yuyu
20206,0,1,Tavern Clerk Jin
20207,0,1,Linen Shop Yeon
20208,0,1,Class Change Master
20209,0,1,Mudo Island Guide
20210,0,1,Shao Shogun Gochunrak
20211,0,1,Sentinel Kwak
20212,0,1,Peculiar Weed
20213,0,1,Peculiar Weed
20214,0,1,Peculiar Weed
20215,0,1,Peculiar Weed
20216,0,1,Tree of Healing
20217,0,1,Tree of Healing
20218,0,1,Tree of Healing
20219,0,1,Tree of Healing
20220,0,1,Rock
20221,0,1,Rock
20222,0,1,Rock
20223,0,1,Rock
20224,0,1,Campfire
20225,0,1,Campfire
20226,0,1,Campfire
20227,0,1,Campfire
20228,80,30000,Box
20229,80,30000,Box
20230,80,30000,Box
20231,80,30000,Box
20232,80,30000,Spear Stand
20233,80,30000,Spear Stand
20234,80,30000,Spear Stand
20235,80,30000,Spear Stand
20236,0,1,Merchandise Seller Soya
20237,0,1,Face Mask Artisan JinJin
20238,0,1,Pet Master Sopyo
20239,0,1,Guard Choo
20240,0,1,Tranquil Vale Entrance Guard
20241,0,1,Zhuang Guard
20242,0,1,Shao Guard
20243,99,100,Golden Statue (Zhuang)
20244,99,100,Golden Statue (Shao)
20245,0,1,Golden Basin Guard (Zhuang)
20246,0,1,Golden Basin Guard (Shao)
20247,0,1,Golden Basin Guard
20248,0,1,Flag Kingdom Guard
20249,0,1,Peddler Yuhwan
20250,0,1,Servile Spirit Guard
20251,0,1,Celestial Mountain Peddler
20252,0,1,White Tiger Castle First Occupier
20253,0,1,Celestial Mountain Peddler
20261,0,1,Chief Rahan
20262,0,1,Drunkard
20263,0,1,Otgong
20264,0,1,Zairung
20265,0,1,Water Supplier
20266,0,1,Unknown Tombstone
20267,0,1,Rangsin
20268,0,1,Great War Guard
20269,0,1,Unknown Tombstone
20270,0,1,Unknown Tombstone
20271,0,1,Crystal Summit Pc Cafe Zone Manager
20272,0,1,Crimson Sky PC Cafe Zone Manager
20273,0,1,Deserted Temple PC Cafe Zone Manager
20274,0,1,Red Dragon's Lair PC Cafe Zone Manager
20275,0,1,White Tiger Castle Second Occupier
20276,0,1,White Tiger Castle Third Occupier
20277,0,1,Dime Desert PC cafe Zone manager
20278,0,1,White Tiger Castle Teleport Manager (Inside)
20279,0,1,Imperial Castle Teleport Manager
20280,0,1,Imperial Castle Teleport Manager
20281,0,50000,Tree
20282,0,1,White Tiger Castle Teleport Manager (Outside)
20283,0,1,Imperial Castle Teleport Manager
20284,0,50000,[Contratulation] Hero 3rd year Anniversary
20285,0,50000,[Contratulation] Hero 3rd year Anniversary
20286,0,1,Hero 4th Year Anniversary Manager
29995,0,1,Honor Point Manager
29996,0,1,Scout
29997,0,1,Hero Battle Manager
29998,0,1,Hero Battle Manager
21001,0,1,Horse
30005,1,1,Crater
30006,20,20,Mineral
30007,20,20,Golden Basin Mineral
30010,20,320,Old Relic Site
30011,20,200,New Mineral
30012,20,240,Strange Rock
30013,20,360,Herb
30014,20,220,Plant
30015,20,180,Rare Herb
30016,20,280,Stone Casket
30017,20,220,Strange Tombstone
30018,20,400,Fish
30019,20,220,Sandstone Tombstone
30020,20,180,Big Leaved Herb
30021,20,200,Glittering Mineral
30022,20,200,Fish2
40024,62,15200,Great Tiger
40025,40,99000,Python
40026,48,2399,Black Hawk
40027,70,16150,White Hawk
40028,70,16150,White Tiger
40029,70,16150,Red Bear
40030,62,15200,Great Tiger
40031,48,2199,Magic Hawk
40032,11,265,Grey Bear
40033,12,284,Grey Bear
40034,13,303,Grey Bear
40035,31,300,Pigeon
40036,50,50000,Furious Dokma
40037,28,68000,Mad Virago
40038,80,50000,Statue(Old)
40039,60,40000,Statue(Old)
40040,40,30000,Statue(Old)
40041,80,30000,Chest
40042,13,255,Rogue
40043,14,276,Rogue
40044,15,294,Rogue
40052,15,288,Assassin
40053,16,308,Assassin
40054,17,329,Assassin
40062,17,374,Renegade
40063,18,401,Renegade
40064,19,425,Renegade
40080,23,12000,Snow Tiger
40081,53,45000,Red Tiger
40082,83,64000,Bloody Ghost Tiger
40083,23,12000,Flying Lion
40084,53,45000,Black Lion
40085,83,64000,Ghost Lion
40086,23,12000,Reindeer
40087,53,45000,Fierce Reindeer
40088,83,64000,Heavenly Reindeer
40089,23,12000,Great Wolf
40090,53,45000,Azure Wolf
40091,83,64000,Ghost Demon Wolf
40092,10,64000,Young Jin
40093,10,64000,Apprentice Ryung
40094,10,64000,Thief Hon
40095,41,64000,Young Monk Jin
40096,41,64000,Swordsman Ryung
40097,41,64000,Rogue Hon
40098,75,64000,Young Master Jin
40099,75,64000,Sword Master Ryung
40100,75,64000,Assassin Hon
40101,1,46,Wolf Pup
40102,2,89,Wolf Pup
40103,3,101,Wolf Pup
40111,3,108,Wild Boar
40112,4,122,Wild Boar
40113,5,137,Wild Boar
40119,7,393,Black Wild Boar
40121,5,124,Bandit
40122,6,138,Bandit
40123,7,152,Thief
40130,70,16150,White Tiger
40131,70,16150,Blue Wolf
40132,70,16150,White Eagle
40133,70,16150,Red Bear
40134,70,16150,White Tiger
40135,75,64000,Young Master Jin
40136,75,64000,Sword Master Ryung
40137,75,64000,Assassin Hon
40139,83,64000,Bloody Ghost Tiger
40140,83,64000,Ghost Lion
40141,83,64000,Heavenly Reindeer
40142,83,64000,Ghost Demon Wolf
40201,7,165,Black Wolf
40202,8,180,Black Wolf
40203,9,197,Black Wolf
40209,10,481,Great Black Wolf
40211,9,188,Wild Ape
40212,10,206,Wild Ape
40213,11,223,Mighty Ape
40221,12,284,Black Bear
40222,12,284,Black Bear
40223,12,284,Black Bear
40229,15,690,Great Black Bear
40239,20,818,Vicious Rogue
40249,20,799,Vicious Assassin
40299,20,2352,Ancient Warrior
40301,20,445,Red Illusion Spearman
40302,21,467,Red Illusion Spearman
40303,25,1130,Red Illusion Berserker Spearman
40311,21,438,Red Illusion Archer
40312,22,461,Red Illusion Archer
40321,23,500,Poison Toad
40322,24,524,Poison Toad
40329,27,1196,Great Poison Toad
40331,25,547,Green Viper
40332,26,574,Green Viper
40339,30,1354,Great Green Viper
40341,27,598,Poisonous Spider
40342,28,623,Poisonous Spider
40349,33,1524,Fierce Poisounous Spider
40393,29,2004,Red Illusion Soldier
40394,29,2020,Red Illusion Preacher
40395,30,2787,Red Illusion Corporal
40396,31,3844,Red Illusion Sergeant
40397,29,2159,Lieutenant Suban
40398,29,1935,Lieutenant Jiak
40399,30,3828,Captain Qui
40401,29,598,Bat
40402,30,625,Bat
40409,37,1616,Great Bat
40411,31,677,Red Illusion Rogue
40412,32,708,Red Illusion Rogue
40497,33,2452,Fire Warlock
40498,33,2558,Bloody Swordsman
40499,34,4388,Blood Savage
40501,33,779,Black Leopard
40502,34,816,Black Leopard
40509,37,1848,Great Black Leopard
40511,34,764,Virago
40512,35,638,Virago
40521,35,674,Ancient Slayer
40522,36,792,Ancient Slayer
40529,40,2070,Omnious Ancient Slayer
40531,37,806,Green Goblin
40532,37,522,Scorpion
40539,40,2028,Great Green Goblin
40541,38,1080,Amphibian Warrior
40542,38,1045,Amphibian Heroine
40548,43,1316,Great Amphibian Warrior
40549,43,1274,Great Amphibian Heroine
40597,43,3584,Dark Knight
40598,39,2184,Horror Knight
40599,40,7506,Corrupt Monk
40701,43,1650,Cruel Swordsman
40709,49,7500,Blind Swordsman
40711,44,1800,Forest Leopard
40721,46,2089,Black Ninja
40729,57,9150,Bloody Ninja
40741,50,2700,Venom Clan Valkyrie
40751,52,3000,Venom Clan Amazon
40761,55,3300,Youngblood Tiger
40801,56,4600,Fearsome Tiger Regiment Mace Warrior
40811,57,4800,Fearsome Tiger Regiment Cruel Archer
40821,58,5000,Gold Viper
40841,59,5200,Fearsome Tiger Regiment Shadow Ninja
40851,60,5400,Fearsome Tiger Regiment Fire Witch
40861,62,5800,Fearsome Tiger Regiment Killer Beast
40871,63,6000,Fearsome Tiger Regiment Mutant Warrior
40881,65,6400,Fearsome Tiger Regiment Devil Claw
40891,70,24500,Fearsome Tiger Regiment Stout Warrior
40892,75,29000,Fearsome Tiger Regiment Master
40901,66,7500,Venom Clan Giant Soldier
40911,68,8500,Venom Clan Giant Butcher
40921,70,9500,Venom Clan Red Witch
40931,72,10500,Venom Clan Commander
40941,74,11500,Venom Clan Gate Chief Ho
40951,82,44000,Venom Clan Gate Leader
41101,69,10000,Centipede
41111,71,11000,Cursed Eagle
41121,73,12000,Venom Clan Mad Monk
41131,75,13000,Venom Clan Warden
41141,76,13500,Venom Clan Guard
41151,77,14500,Venom Clan Asaassin
41161,79,15500,Venom Clan Old Warrior
41171,85,49000,Venom Clan Leader
41201,53,4000,Mudo Island Amazon
41211,56,4900,Mudo Island Tiger
41212,59,200000,Mudo Island Ancient Tiger
41221,57,5200,Mudo Island Bloody Ninja
41231,62,6700,Killer Beast
41241,65,7600,Mutant Warrior
41251,66,7900,Devil Claw
41301,75,16000,Poison Serpent
41311,77,17200,Toxic Scorpion
41321,78,17800,Venom Clan Monster
41331,80,19000,Venom Clan Strong Spearman
41341,81,19600,Venom Clan Fist Warrior
41351,83,20800,Venom Clan Bloody Swordsman
41361,85,22000,Venom Clan Great Swordsman
41371,90,54000,General Tusan
41381,90,56000,Tokma
41601,82,21200,Snow Panther
41602,86,29040,Great Snow Panther
41603,86,29040,Great Snow Panther
41611,84,22600,Snow Wolf
41612,89,31920,Great Snow Wolf
41613,89,31920,Great Snow Wolf
41621,87,25800,Snow Bear
41622,92,35760,Great Snow Bear
41623,92,35760,Great Snow Bear
41631,88,26600,Fire Countess
41641,90,28200,Fire Rogue
41651,92,44700,Great Fire Countess
41661,93,45900,Great Fire Rogue
41671,99,59000,Hohanma
41701,73,12000,Venom Clan Mad Monk
41711,75,13000,Venom Clan Warden
41721,79,15500,Venom Clan Old Warrior
41731,81,19600,Venom Clan Fist Warrior
41741,83,20800,Venom Clan Bloody Swordsman
41751,85,22000,Venom Clan Great Swordsman
41758,62,32000,Asura Mahu
41759,55,2000,Asura Servant
41760,84,45000,Asura Mahu
41761,69,3000,Asura Servant
41762,98,60000,Asura Mahu
41763,40,60000,Zhuang Castle Patrol
41764,60,60000,Zhuang Castle Gate Captain
41765,80,60000,Zhuang Castle Guard
41766,100,60000,Zhuang High Lord
41767,40,60000,Shao Castle Patrol
41768,60,60000,Shao Castle Gate Captain
41769,80,60000,Shao Castle Guard
41770,100,60000,Shao High Lord
41801,87,26000,Viper Lord
41811,89,28000,Rama Blood Guni
41821,93,32000,Rama Blood Monk
41831,90,3000,Rama Guard
41841,95,34000,Rama Fallen Monk
41851,99,59000,Rakma
41852,99,59000,Rakma
41853,99,59000,Rakma
41901,94,37500,Snowman
41902,94,42500,Chaotic Snowman
41911,96,41500,Flame Priestess
41912,91,5000,Expolsiona
41921,97,43000,Burning Iken
41931,98,45000,Flame Giant
41932,98,45000,Fiery Toxic Giant
41941,99,60000,Red Dragon
41942,99,60000,Yuhwama
42001,65,7600,Wild Boar
42002,67,7900,Youngblood Tiger
42003,69,16000,Magic Hawk
42004,70,17200,Forest Leopard
42005,72,17800,Grey Bear
42201,101,24827,Violet Glow Assassin
42202,102,26193,Violet Glow Assassin
42203,103,27634,Violet Glow Assassin
42211,104,29154,Violet Glow Magician
42212,105,30758,Violet Glow Magician
42213,106,23200,Violet Glow Magician
42221,107,34235,Violet Glow Shaman
42222,108,36118,Violet Glow Shaman
42223,109,26800,Violet Glow Shaman
42224,104,4500,Red Snake
42225,106,19800,Poisonous Scorpion
42231,110,40201,Violet Glow Axe Man
42232,111,42413,Violet Glow Axe Man
42233,112,44746,Violet Glow Axe Man
42241,114,49805,Flame Axe Man
42242,114,49805,Tsunami Axe Man
42243,114,49805,Tornado Axe Man
42251,120,112300,Violet Glow Lord
42252,109,36500,Hard Shell Centipede
42253,107,8000,Baby Hard Shell Centipede
42254,108,80000,Violet Glow Kid
42301,101,24827,Violet Glow Assassin
42302,102,26193,Violet Glow Assassin
42303,103,27634,Violet Glow Assassin
42311,104,29154,Violet Glow Magician
42312,105,30758,Violet Glow Magician
42313,106,23200,Violet Glow Magician
42321,107,34235,Violet Glow Shaman
42322,108,36118,Violet Glow Shaman
42323,109,26800,Violet Glow Shaman
42324,104,2500,Red Snake
42325,106,19800,Poisonous Scorpion
42331,110,40201,Violet Glow Axe Man
42332,111,42413,Violet Glow Axe Man
42333,112,44746,Violet Glow Axe Man
42341,114,49805,Flame Axe Man
42342,114,49805,Tsunami Axe Man
42343,114,49805,Tornado Axe Man
42351,120,112300,Violet Glow Lord
42352,109,36500,Hard Shell Centipede
42353,107,8000,Baby Centipede
42354,90,45000,Violet Glow Kid
42401,115,30014,Violet Glow Assassin
42402,116,30840,Violet Glow Magician
42403,118,32562,Violet Glow Shaman
42411,121,35324,Red Sand Horseman
42412,122,36296,Red Sand Horseman
42421,124,38321,Red Sand Demon
42422,125,39375,Red Sand Demon
42423,127,51572,Red Demon of Raging Wind
42431,126,40458,Sand Demon Statue
42432,128,42715,Sand Demon Statue
42433,129,43890,Sand Demon Statue
42441,132,76400,Red Demon Goddess
42442,130,30000,Poisonous Centipede
42451,138,208076,Thousand Year Old Centipede
42452,138,208076,Thousand Year Old Centipede
42501,131,50712,Zombie Wolf
42502,133,53697,Zombie Wolf
42511,134,55255,Zombie Bear
42512,135,56858,Zombie Bear
42521,136,58507,Zombie Tiger
42522,137,60204,Zombie Tiger
42531,139,63747,Bloodthirsty Devil
42532,140,65596,Bloodthirsty Devil
42533,141,67499,Bloodthirsty Devil
42534,141,67499,Bloodthirsty Devil
42541,142,78576,Brass Statue
42542,142,78576,Brass Statue
42543,142,78576,Brass Statue
42544,142,78576,Brass Statue
42551,143,71472,Possessed Sword
42552,144,73545,Possessed Spear
42553,148,75678,Possessed Axe
42554,148,112540,Bloodthirsty Lunatic
42555,148,112540,Bloodthirsty Lunatic
42556,148,112540,Bloodthirsty Lunatic
42557,145,112540,Bloodthirsty Lunatic
42561,150,276000,Hulma
42562,150,391927,Mahu
42563,146,83200,Blue Wolf
49000,40,20000,Statue
49001,60,40000,Statue
49002,80,60000,Statue
49003,55,12000,Great Spider
49004,99,50000,Tree
49005,20,100,Snowman
49006,40,1000,Snowman
49007,60,4000,Snowman
49008,99,60000,[GM]
49009,35,10000,Golden Pig
49010,75,30000,Golden Pig
49011,90,60000,Golden Pig
49012,80,10000,Snowman
49013,100,20000,Snowman
49014,120,30000,Snowman
49015,150,50000,Snowman
50002,31,300,Chest
50003,31,300,Suspicious Box
50004,31,300,Poisonous Box
50005,45,10000,Great Gold Jewelry Box
50006,65,30000,Great Blue Jewelry Box
50007,80,55000,Great Red Jewelry Box
50008,0,1,Watermelon
424701,150,6000,White Tiger Castle Patrol
424702,150,15000,White Tiger Castle Archer
424703,150,10000,White Tiger Castle Gate 1
424704,150,10000,White Tiger Castle Gate 1
424705,150,10000,White Tiger Castle Gate2
424706,150,10000,White Tiger Castle Gate2
424707,150,10000,White Tiger Castle Gate 3
424708,150,10000,White Tiger Castle Gate 3
424709,150,20000,White Tiger Castle Guard
424710,150,300000,White Tiger Castle General
424801,150,10000,Imperial Castle Gate 1
424802,150,10000,Imperial Castle Gate 1
424803,150,10000,Imperial Castle Gate 1
424804,150,10000,Imperial Castle Gate 1
424805,150,10000,Imperial Castle Gate 1
424806,150,10000,Imperial Castle Gate 1
424807,150,10000,Imperial Castle Gate 2
424808,150,10000,Imperial Castle Gate 2
424809,150,10000,Imperial Castle Gate 2
424810,150,10000,Imperial Castle Gate 2
424811,150,10000,Imperial Castle Gate 2
424812,150,10000,Imperial Castle Gate 2
424813,150,10000,Imperial Castle Gate 3
424814,150,10000,Imperial Castle Gate 3
424815,150,15000,Imperial Castle Archer
424816,150,25000,Imperial Castle Guard
424817,150,40000,Imperial Castle Chief Guard
424818,150,50000,Imperial Castle General
424819,150,500000,Imperial Castle Guardian Statue
424820,65,5400,Imperial Castle Witch
424821,90,28200,Imperial Castle Priestess
424822,125,39375,Imperial Castle Red Sand Demon
424901,99,100,Statue of Moon
424902,99,100,Statue of Red Moon
424903,99,100,Statue of White Moon
425101,255,59000,Zhuang High Lord
425102,255,30660,Zhuang Royal Guard
425103,255,29800,Zhuang Guardian Beast
425104,255,49000,Zhuang Guardian General
425105,255,16700,Zhuang Outer Guard
425106,255,14500,Zhuang Outer Guardian Soldier
425107,255,11000,Zhuang Bloody Beast
425108,255,13500,Zhuang Elder
425109,255,15500,Zhuang Agent
425110,255,59000,Shao High Lord
425111,255,30660,Shao Guard
425112,255,29800,Shao Guard
425113,255,49000,Shao Outer Guardian Beast
425114,255,16700,Shao Guardian General
425115,255,14500,Shao Outer Guardian Soldier
425116,255,11000,Shao Bloody Beast
425117,255,13500,Shao Agent
425118,255,15500,Shao Elder
425119,255,59000,Golden Basin Gashin
425121,99,100,Outside Flag of War(Zhuang)
425122,99,100,Inside Flag of War(Zhuang)
425123,99,100,Outside Flag of War(Zhuang)
425124,99,100,Inside Flag of War(Zhuang)
425125,99,50000,Tower
425501,40,4500,Zhuang Outer Guardian Soldier
425502,60,25220,Zhuang Guardian General
425503,80,50000,Zhuang Royal Guard
425504,100,200000,Zhuang High Lord
425505,60,25220,Shao Guardian General
425506,40,4500,Shao Outer Guardian Soldier
425507,80,50000,Shao Royal Guard
425508,100,200000,Shao High Lord
1000000,4,171,*Wild Boar*
1000001,2,125,*Wolf Pup*
1000002,7,213,*Bandit*
1000003,43,2310,*Cruel Swordsman*
1000004,50,3780,*Venom Clan Valkyrie*
1000005,55,4620,*Youngblood Tiger*
1000006,82,29680,*Snow Leopard*
1000007,87,36120,*Snow Bear*
1000008,88,37240,*Fire Countess*
1000009,10,138,Blood Savage King
1000010,10,152,Grandfather Spider
1000011,20,690,Master Fire Warlock
1000012,20,799,Vicious Assassin
1000013,30,1130,Red Illusion Berserker Spearman
1000014,30,1524,Fierce Poisounous Spider
1000015,40,2070,Omnious Ancient Slayer
1000016,40,40000,Mad Virago
1000017,60,3000,Venom Clan Amazon
1000018,60,2700,Venom Clan Valkyrie
1000019,60,5200,Fearsome Tiger Regiment Shadow Ninja
1000020,60,5400,Fearsome Tiger Regiment Fire Witch
1000021,80,10000,Centipede
1000022,80,17200,Toxic Scorpion
1000023,90,28000,Rama Blood Guni
1000024,90,43000,Burning Iken
1000025,99,60000,Python
1000026,99,56000,Tokma
1000027,99,59000,Rakma
1000028,99,60000,Red Dragon
1000029,45,10000,Golden Aurora Gem Box
1000030,65,30000,Sapphire Aurora Gem Box
1000031,80,55000,Ruby Aurora Gem Box
1000032,95,100000,Golden Aurora Gem Box
1000033,100,150000,Sapphire Aurora Gem Box
1000034,140,200000,Ruby Aurora Gem Box
1000035,50,200000,Burning Iken
1000036,50,200000,Red Illusion Berserker Spearman
1000037,50,600000,Python
1000038,50,800000,Tokma
1000039,50,1000000,Rakma
1000040,100,1000000,Zhuang High Lord
1000041,100,1000000,Shao High Lord
50000012,70,16150,Bloody Wolf
50000013,70,16150,Blue Wolf
100020001,101,45000,Heavenly Golden Armored Tiger
100020002,101,45000,Heavenly Combat Wolf
100020003,101,45000,Heavenly Thunder Hawk
100020004,101,45000,Heavenly Lunar Bear
100020005,101,45000,Heavenly Blood Horse
100020006,101,45000,Heavenly Gold Tiger
100020007,101,45000,Heavenly Ghost Lion
100020008,101,45000,Heavenly Red Reindeer
100020009,101,45000,Heavenly Fire Wolf
100020010,101,45000,Master Jin of Violet Aura
100020011,101,45000,Sword Master Ryung of Charm
40144,10,64000,Undead Disciple Mook
40145,41,64000,Undead Monk Mook
40146,75,64000,Undead Priest Mook
40147,75,64000,Undead Priest Mook
100020049,101,45000,Undead Priest Mook of Darkness
100020012,101,45000,Assassin Hon of Dark Sky
50024,62,15200,Great Tiger
50025,40,99000,Python
50026,48,2399,Black Hawk
50027,70,16150,White Hawk
50028,70,16150,White Tiger
50029,70,16150,Red Bear
50030,62,15200,Great Tiger
50031,48,2199,Magic Hawk
50032,11,265,Grey Bear
50033,12,284,Grey Bear
50034,13,303,Grey Bear
50035,31,300,Pigeon
50036,50,50000,Furious Dokma
50037,28,68000,Mad Virago
50038,80,50000,Statue(Old)
50039,60,40000,Statue(Old)
50040,40,30000,Statue(Old)
50041,80,30000,Chest
50042,13,255,Rogue
50043,14,276,Rogue
50044,15,294,Rogue
50052,15,288,Assassin
50053,16,308,Assassin
50054,17,329,Assassin
50062,17,374,Renegade
50063,18,401,Renegade
50064,19,425,Renegade
50080,23,12000,Snow Tiger
50081,53,45000,Red Tiger
50082,83,64000,Bloody Ghost Tiger
50083,23,12000,Flying Lion
50084,53,45000,Black Lion
50085,83,64000,Ghost Lion
50086,23,12000,Reindeer
50087,53,45000,Fierce Reindeer
50088,83,64000,Heavenly Reindeer
50089,23,12000,Great Wolf
50090,53,45000,Azure Wolf
50091,83,64000,Ghost Demon Wolf
50092,10,64000,Young Jin
50093,10,64000,Apprentice Ryung
50094,10,64000,Thief Hon
50095,41,64000,Young Monk Jin
50096,41,64000,Swordsman Ryung
50097,41,64000,Rogue Hon
50098,75,64000,Young Master Jin
50099,75,64000,Sword Master Ryung
50100,75,64000,Assassin Hon
50101,1,46,Wolf Pup
50102,2,89,Wolf Pup
50103,3,101,Wolf Pup
50111,3,108,Wild Boar
50112,4,122,Wild Boar
50113,5,137,Wild Boar
50119,7,393,Black Wild Boar
50121,5,124,Bandit
50122,6,138,Bandit
50123,7,152,Thief
50130,70,16150,White Tiger
50131,70,16150,Blue Wolf
50132,70,16150,White Eagle
50133,70,16150,Red Bear
50134,70,16150,White Tiger
50135,75,64000,Young Master Jin
50136,75,64000,Sword Master Ryung
50137,75,64000,Assassin Hon
50139,83,64000,Bloody Ghost Tiger
50140,83,64000,Ghost Lion
50141,83,64000,Heavenly Reindeer
50142,83,64000,Ghost Demon Wolf
50201,7,165,Black Wolf
50202,8,180,Black Wolf
50203,9,197,Black Wolf
50209,10,481,Great Black Wolf
50211,9,188,Wild Ape
50212,10,206,Wild Ape
50213,11,223,Mighty Ape
50221,12,284,Black Bear
50222,12,284,Black Bear
50223,12,284,Black Bear
50229,15,690,Great Black Bear
50239,20,818,Vicious Rogue
50249,20,799,Vicious Assassin
50299,20,2352,Ancient Warrior
50301,20,445,Red Illusion Spearman
50302,21,467,Red Illusion Spearman
50303,25,1130,Red Illusion Berserker Spearman
50311,21,438,Red Illusion Archer
50312,22,461,Red Illusion Archer
50321,23,500,Poison Toad
50322,24,524,Poison Toad
50329,27,1196,Great Poison Toad
50331,25,547,Green Viper
50332,26,574,Green Viper
50339,30,1354,Great Green Viper
50341,27,598,Poisonous Spider
50342,28,623,Poisonous Spider
50349,33,1524,Fierce Poisounous Spider
50393,29,2004,Red Illusion Soldier
50394,29,2020,Red Illusion Preacher
50395,30,2787,Red Illusion Corporal
50396,31,3844,Red Illusion Sergeant
50397,29,2159,Lieutenant Suban
50398,29,1935,Lieutenant Jiak
50399,30,3828,Captain Qui
50401,29,598,Bat
50402,30,625,Bat
50409,37,1616,Great Bat
50411,31,677,Red Illusion Rogue
50412,32,708,Red Illusion Rogue
50497,33,2452,Fire Warlock
50498,33,2558,Bloody Swordsman
50499,34,4388,Blood Savage
50501,33,779,Black Leopard
50502,34,816,Black Leopard
50509,37,1848,Great Black Leopard
50511,34,764,Virago
50512,35,638,Virago
50521,35,674,Ancient Slayer
50522,36,792,Ancient Slayer
50529,40,2070,Omnious Ancient Slayer
50531,37,806,Green Goblin
50532,37,522,Scorpion
50539,40,2028,Great Green Goblin
50541,38,1080,Amphibian Warrior
50542,38,1045,Amphibian Heroine
50548,43,1316,Great Amphibian Warrior
50549,43,1274,Great Amphibian Heroine
50597,43,3584,Dark Knight
50598,39,2184,Horror Knight
50599,40,7506,Corrupt Monk
50701,43,1650,Cruel Swordsman
50709,49,7500,Blind Swordsman
50711,44,1800,Forest Leopard
50721,46,2089,Black Ninja
50729,57,9150,Bloody Ninja
50741,50,2700,Venom Clan Valkyrie
50751,52,3000,Venom Clan Amazon
50761,55,3300,Youngblood Tiger
50801,56,4600,Fearsome Tiger Regiment Mace Warrior
50811,57,4800,Fearsome Tiger Regiment Cruel Archer
50821,58,5000,Gold Viper
50841,59,5200,Fearsome Tiger Regiment Shadow Ninja
50851,60,5400,Fearsome Tiger Regiment Fire Witch
50861,62,5800,Fearsome Tiger Regiment Killer Beast
50871,63,6000,Fearsome Tiger Regiment Mutant Warrior
50881,65,6400,Fearsome Tiger Regiment Devil Claw
50891,70,24500,Fearsome Tiger Regiment Stout Warrior
50892,75,29000,Fearsome Tiger Regiment Master
50901,66,7500,Venom Clan Giant Soldier
50911,68,8500,Venom Clan Giant Butcher
50921,70,9500,Venom Clan Red Witch
50931,72,10500,Venom Clan Commander
50941,74,11500,Venom Clan Gate Chief Ho
50951,82,44000,Venom Clan Gate Leader
51101,69,10000,Centipede
51111,71,11000,Cursed Eagle
51121,73,12000,Venom Clan Mad Monk
51131,75,13000,Venom Clan Warden
51141,76,13500,Venom Clan Guard
51151,77,14500,Venom Clan Asaassin
51161,79,15500,Venom Clan Old Warrior
51171,85,49000,Venom Clan Leader
51201,53,4000,Mudo Island Amazon
51211,56,4900,Mudo Island Tiger
51212,59,200000,Mudo Island Ancient Tiger
51221,57,5200,Mudo Island Bloody Ninja
51231,62,6700,Killer Beast
51241,65,7600,Mutant Warrior
51251,66,7900,Devil Claw
51301,75,16000,Poison Serpent
51311,77,17200,Toxic Scorpion
51321,78,17800,Venom Clan Monster
51331,80,19000,Venom Clan Strong Spearman
51341,81,19600,Venom Clan Fist Warrior
51351,83,20800,Venom Clan Bloody Swordsman
51361,85,22000,Venom Clan Great Swordsman
51371,90,54000,General Tusan
51381,90,56000,Tokma
51601,82,21200,Snow Panther
51602,86,29040,Great Snow Panther
51603,86,29040,Great Snow Panther
51611,84,22600,Snow Wolf
51612,89,31920,Great Snow Wolf
51613,89,31920,Great Snow Wolf
51621,87,25800,Snow Bear
51622,92,35760,Great Snow Bear
51623,92,35760,Great Snow Bear
51631,88,26600,Fire Countess
51641,90,28200,Fire Rogue
51651,92,44700,Great Fire Countess
51661,93,45900,Great Fire Rogue
51671,99,59000,Hohanma
51701,73,12000,Venom Clan Mad Monk
51711,75,13000,Venom Clan Warden
51721,79,15500,Venom Clan Old Warrior
51731,81,19600,Venom Clan Fist Warrior
51741,83,20800,Venom Clan Bloody Swordsman
51751,85,22000,Venom Clan Great Swordsman
51758,62,32000,Asura Mahu
51759,55,2000,Asura Servant
51760,84,45000,Asura Mahu
51761,69,3000,Asura Servant
51762,98,60000,Asura Mahu
51763,40,60000,Zhuang Castle Patrol
51764,60,60000,Zhuang Castle Gate Captain
51765,80,60000,Zhuang Castle Guard
51766,100,60000,Zhuang High Lord
51767,40,60000,Shao Castle Patrol
51768,60,60000,Shao Castle Gate Captain
51769,80,60000,Shao Castle Guard
51770,100,60000,Shao High Lord
51801,87,26000,Viper Lord
51811,89,28000,Rama Blood Guni
51821,93,32000,Rama Blood Monk
51831,90,3000,Rama Guard
51841,95,34000,Rama Fallen Monk
51851,99,59000,Rakma
51852,99,59000,Rakma
51853,99,59000,Rakma
51901,94,37500,Snowman
51902,94,42500,Chaotic Snowman
51911,96,41500,Flame Priestess
51912,91,5000,Expolsiona
51921,97,43000,Burning Iken
51931,98,45000,Flame Giant
51932,98,45000,Fiery Toxic Giant
51941,99,60000,Red Dragon
51942,99,60000,Yuhwama
52001,65,7600,Wild Boar
52002,67,7900,Youngblood Tiger
52003,69,16000,Magic Hawk
52004,70,17200,Forest Leopard
52005,72,17800,Grey Bear
52201,101,24827,Violet Glow Assassin
52202,102,26193,Violet Glow Assassin
52203,103,27634,Violet Glow Assassin
52211,104,29154,Violet Glow Magician
52212,105,30758,Violet Glow Magician
52213,106,23200,Violet Glow Magician
52221,107,34235,Violet Glow Shaman
52222,108,36118,Violet Glow Shaman
52223,109,26800,Violet Glow Shaman
52224,104,4500,Red Snake
52225,106,19800,Poisonous Scorpion
52231,110,40201,Violet Glow Axe Man
52232,111,42413,Violet Glow Axe Man
52233,112,44746,Violet Glow Axe Man
52241,114,49805,Flame Axe Man
52242,114,49805,Tsunami Axe Man
52243,114,49805,Tornado Axe Man
52251,120,112300,Violet Glow Lord
52252,109,36500,Hard Shell Centipede
52253,107,8000,Baby Hard Shell Centipede
52254,108,80000,Violet Glow Kid
52301,101,24827,Violet Glow Assassin
52302,102,26193,Violet Glow Assassin
52303,103,27634,Violet Glow Assassin
52311,104,29154,Violet Glow Magician
52312,105,30758,Violet Glow Magician
52313,106,23200,Violet Glow Magician
52321,107,34235,Violet Glow Shaman
52322,108,36118,Violet Glow Shaman
52323,109,26800,Violet Glow Shaman
52324,104,2500,Red Snake
52325,106,19800,Poisonous Scorpion
52331,110,40201,Violet Glow Axe Man
52332,111,42413,Violet Glow Axe Man
52333,112,44746,Violet Glow Axe Man
52341,114,49805,Flame Axe Man
52342,114,49805,Tsunami Axe Man
52343,114,49805,Tornado Axe Man
52351,120,112300,Violet Glow Lord
52352,109,36500,Hard Shell Centipede
52353,107,8000,Baby Centipede
52354,90,45000,Violet Glow Kid
52401,115,30014,Violet Glow Assassin
52402,116,30840,Violet Glow Magician
52403,118,32562,Violet Glow Shaman
52411,121,35324,Red Sand Horseman
52412,122,36296,Red Sand Horseman
52421,124,38321,Red Sand Demon
52422,125,39375,Red Sand Demon
52423,127,51572,Red Demon of Raging Wind
52431,126,40458,Sand Demon Statue
52432,128,42715,Sand Demon Statue
52433,129,43890,Sand Demon Statue
52441,132,76400,Red Demon Goddess
52442,130,30000,Poisonous Centipede
52451,138,208076,Thousand Year Old Centipede
52452,138,208076,Thousand Year Old Centipede
59000,131,50712,Zombie Wolf
59001,133,53697,Zombie Wolf
59002,134,55255,Zombie Bear
59003,135,56858,Zombie Bear
59004,136,58507,Zombie Tiger
59005,137,60204,Zombie Tiger
59006,139,63747,Bloodthirsty Devil
59007,140,65596,Bloodthirsty Devil
59008,141,67499,Bloodthirsty Devil
59009,141,67499,Bloodthirsty Devil
59010,142,78576,Brass Statue
59011,142,78576,Brass Statue
52543,142,78576,Brass Statue
52544,142,78576,Brass Statue
52551,143,71472,Possessed Sword
52552,144,73545,Possessed Spear
52553,148,75678,Possessed Axe
52554,148,112540,Bloodthirsty Lunatic
52555,148,112540,Bloodthirsty Lunatic
52556,148,112540,Bloodthirsty Lunatic
52557,145,112540,Bloodthirsty Lunatic
52561,150,276000,Hulma
52562,150,391927,Mahu
52563,146,83200,Blue Wolf
